"carob_name","type","unit","group","description"
"trial_id","character","","crop","Identifier of a single trial in a single location and season (that may have treatments and replicates)"
"plot_id","character","","crop","Identifier of a single plot in a single trial in a single location and season"
"block_id","character","","crop","Identifier of a single block in a single trial in a single location and season"
"growth_stage","character","","crop","Growth stage description (code)"
"LTE_name","character","","crop","Name of long-term experiment"
"season","character","","crop","Season name"
"flooded","logical","","crop","Was the field flooded (most of the time?) --- is this lowland rice?"
"on_farm","logical","","crop","Is this observation on farm (not on an expermiment station)"
"is_survey","logical","","crop","Is this observation from a survey (not an experiment)"
"treatment","character","","crop","Description of the treatment, if any. Can be a code used in the original data. There are no rules about its content or format"
"rep","integer","","crop","Replication number (1, 2, 3, ...) For this specific observation"
"crop","character","","crop","Crop name(s)"
"variety","character","","crop","Variety name"
"variety_alt","character","","crop","Alternative names for variety"
"variety_code","character","","crop","Variety code"
"variety_pedigree","character","","crop","Variety pedigree. E.g. CML311 x CML483"
"variety_type","character","","crop","variety grouping (e.g. climbing/bush) and/or ""improved/landrace"""
"variety_traits","character","","crop","variety characteristics"
"variety_release_year","integer","","crop","year the variety was released"
"intercropped","logical","","crop","is the crop intercropped"
"intercrops","character","","crop","Other crop grown together with the main crop"
"intercrop_type","character","","crop","Type of intercropping (e.g. mixed, strip)"
"previous_crop","character","","crop","Crop grown on this plot in the prior season"
"crop_rotation","character","","crop","Crops grown in rotation on this plot"
"cover_crop","character","","crop","Crops grown as cover crop on this plot"
"cover_crop_used","logical","","crop","Are there cover crops grown on this plot?"
"emergence_date","date","","crop","Emergence date in ""yyyy-mm-dd"", ""yyyy-mm"", or ""yyyy"" format"
"heading_date","date","","crop","Heading date in ""yyyy-mm-dd"", ""yyyy-mm"", or ""yyyy"" format"
"flowering_date","date","","crop","Flowering date in ""yyyy-mm-dd"", ""yyyy-mm"", or ""yyyy"" format"
"maturity_date","date","","crop","Maturity date in ""yyyy-mm-dd"", ""yyyy-mm"", or ""yyyy"" format"
"dmy_roots","numeric","kg/ha","crop","Dry-matter weight biomass of fine roots per ha"
"dmy_stems","numeric","kg/ha","crop","Dry-matter weight biomass of stems per ha"
"dmy_leaves","numeric","kg/ha","crop","Dry-matter weight biomass of leaves per ha"
"dmy_storage","numeric","kg/ha","crop","Dry-matter weight biomass of storage organs per ha"
"dmy_total","numeric","kg/ha","crop","Dry-matter weight total biomass per ha"
"dmy_residue","numeric","kg/ha","crop","Dry-matter weight residue biomass per ha"
"fwy_roots","numeric","kg/ha","crop","Fresh weight biomass of fine roots per ha"
"fwy_stems","numeric","kg/ha","crop","Fresh weight biomass of stems per ha"
"fwy_leaves","numeric","kg/ha","crop","Fresh weight biomass of leaves per ha"
"fwy_storage","numeric","kg/ha","crop","Fresh weight biomass of storage organs per ha"
"fwy_total","numeric","kg/ha","crop","Fresh weight total biomass per ha"
"fwy_residue","numeric","kg/ha","crop","Fresh weight residue biomass per ha"
"yield_part","character","","crop","The part of the crop that ""yield"" refers to (e.g. grain, tubers, roots, leaves, fruit)"
"yield","numeric","kg/ha","crop","Biomass of the main harvestable parts at maturity, per ha --- yield_moisture must also be specified"
"yield_moisture","numeric","%","crop","Moisture content of the reported yield (0 is dry weight)"
"yield_isfresh","logical","","crop","Is the reported yield fresh weight (perhaps with unknown moisture content?)"
"yield_marketable","numeric","kg/ha","crop","Fresh weight marketable (e.g. large enough tubers) biomass of the main harvestable parts at maturity, per ha"
"grain_fill","numeric","%","crop","% of grains that are filled"
"seed_weight","numeric","g","crop","1000 seed (grain) weight"
"uncertainty","numeric","","crop","Measure of noise in data "
"uncertainty_type","character","","crop","Type of noise measure"
"row_spacing","numeric","cm","crop","Distance between rows"
"plot_area","numeric","m2","crop","Area of the plot in square meter"
"plot_length","numeric","m","crop","Length of the plot in meter"
"plot_width","numeric","m","crop","Width of the plot in meter"
"plot_slope","numeric","degrees","crop","Slope of the plot in degrees"
"plant_spacing","numeric","cm","crop","Distance between plants"
"plant_density","numeric","plants/ha","crop","Number of plants per ha that emerged/survived"
"cob_density","numeric","cobs/ha","crop","Number of cobs (maize) per ha"
"spike_density","numeric","spikes/ha","crop","Number of spikes (heads) per ha"
"pod_density","numeric","pods/ha","crop","Number of pods per ha"
"rain","numeric","mm","crop","Total rainfall between planting and harvest"
"emergence_days","numeric","days","crop","Days to emergence (after planting)"
"transplanting_days","numeric","days","crop","Days to transplanting"
"heading_days","numeric","days","crop","Days to heading (after planting)"
"flowering_days","numeric","days","crop","Days to flowering (after planting)"
"anthesis_days","numeric","days","crop","Days to anthesis (after planting). Anthesis occurs when pollen is released"
"silking_days","numeric","days","crop","Days to silking (after planting)"
"asi","numeric","days","crop","Anthesis silking interval"
"tassling_days","numeric","days","crop","Days to tassling (after planting)"
"maturity_days","numeric","days","crop","Days to maturity (after planting)"
"harvest_days","numeric","days","crop","Days to harvest (after planting)"
"plant_height","numeric","cm","crop","Maximum plant height"
"ear_height","numeric","cm","crop","height of first ear (maize female inflorescence)"
"pathogen","character","","crop","Name of the pathogen studied"
"AUDPC","numeric","","crop","Area under the disease progress curve (the sum of fraction infected (not percentage))"
"rAUDPC","numeric","","crop","Area under the disease progress curve divided by the non-diseased season length"
"root_infection","numeric","%","crop","Roots that are disease infected"
"root_AMF","numeric","%","crop","Root colonization by arbuscular micorrhizal fungi"
"nodule_weight","numeric","kg/ha","crop","Fresh weight or root nodules"
"leaf_N","numeric","mg/g","crop","nitrogen content in leaf"
"leaf_N_NH4","numeric","mg/g","crop","N (NH4) content in leaf"
"leaf_N_NO3","numeric","mg/g","crop","N (NO3) content in leaf"
"leaf_K","numeric","mg/g","crop","potassium content in leaf"
"leaf_P","numeric","mg/g","crop","phosphorous content in leaf"
"leaf_S","numeric","mg/g","crop","sulphur content in leaf"
"leaf_Mg","numeric","mg/g","crop","magnesium content in leaf"
"leaf_Ca","numeric","mg/g","crop","calcium content in leaf"
"leaf_Fe","numeric","mg/g","crop","iron content in leaf"
"leaf_Zn","numeric","mg/g","crop","zinc content in leaf"
"leaf_Cu","numeric","mg/g","crop","copper content in leaf"
"leaf_Mn","numeric","mg/g","crop","manganese content in leaf"
"leaf_B","numeric","mg/g","crop","boron content in leaf"
"leaf_Al","numeric","mg/g","crop","aluminium content in leaf"
"leaf_Na","numeric","mg/g","crop","sodium content in leaf"
"grain_N","numeric","mg/g","crop","nitrogen content in grain"
"grain_K","numeric","mg/g","crop","potassium content in grain"
"grain_P","numeric","mg/g","crop","phosphorous content in grain"
"grain_S","numeric","mg/g","crop","sulphur content in grain"
"grain_Mg","numeric","mg/g","crop","magnesium content in grain"
"grain_Ca","numeric","mg/g","crop","calcium content in grain"
"grain_Fe","numeric","mg/g","crop","iron content in grain"
"grain_Zn","numeric","mg/g","crop","zinc content in grain"
"grain_Cu","numeric","mg/g","crop","copper content in grain"
"grain_Mn","numeric","mg/g","crop","manganese content in grain"
"grain_B","numeric","mg/g","crop","boron content in grain"
"grain_Al","numeric","mg/g","crop","aluminium content in grain"
"grain_Na","numeric","mg/g","crop",""
"grain_Cl","numeric","mg/g","crop",""
"grain_Mo","numeric","mg/g","crop",""
"grain_C","numeric","mg/g","crop",""
"grain_Rb","numeric","mg/g","crop",""
"grain_Co","numeric","mg/g","crop",""
" grain_Cd","numeric","mg/g","crop",""
"grain_protein","numeric","%","crop","% protein in grain"
"residue_protein","numeric","%","crop",""
"residue_N","numeric","mg/g","crop","nitrogen content in residue"
"residue_P","numeric","mg/g","crop","phosphorus content in residue"
"residue_K","numeric","mg/g","crop",""
"residue_Mg","numeric","mg/g","crop",""
"residue_Ca","numeric","mg/g","crop",""
"residue_Mn","numeric","mg/g","crop",""
"residue_Cu","numeric","mg/g","crop",""
"residue_Fe","numeric","mg/g","crop",""
"residue_Zn","numeric","mg/g","crop",""
"residue_Na","numeric","mg/g","crop",""
"residue_S","numeric","mg/g","crop",""
"residue_B","numeric","mg/g","crop",""
"residue_Mo","numeric","mg/g","crop",""
"residue_Cl","numeric","mg/g","crop",""
"residue_Al","numeric","mg/g","crop",""
" residue_Ti","numeric","mg/g","crop",""
"residue_C","numeric","mg/g","crop",""
"residue_Cd","numeric","mg/g","crop",""
"residue_Pb","numeric","mg/g","crop",""
"residue_Rb","numeric","mg/g","crop",""
"season_constraint","character","","crop","a constraint that occurred in this particular season (e.g. drought, flood)"
"weed_species","character","","crop","weed species names "
"weed_density","numeric","plants/ha","crop","number of weed plants per ha"
"weed_biomass","numeric","kg/ha","crop","Fresh weight weeds biomass"
"weed_severity","character","","crop","how severe was the competition from weeds?"
"weed_cover","numeric","%","crop","% weed cover"
"pest_severity","character","","crop","how severe was the pest damage?"
"pest_species","character","","crop","name(s) of relevant pest(s)"
"pest_number","integer","","crop","number of pest species"
"disease_severity","character","","crop","how severe was the disease damage?"
"severity_scale","character","","crop","Scale of (disease) severity measure, from low to high. E.g. 1-9"
"disease_incidence","character","","crop","incidence of the disease"
"disease","character","","crop","name of the disease"
"residue_prevcrop","numeric","kg/ha","crop","how much residue of the previous crop is on the field?"
"residue_prevcrop_used","logical","","crop","Was the residue of the previous crop left on the field?"
"crop_cut","logical","","crop","was the yield (in a survey) determined with a crop cut?"
"previous_crop_residue_weight","numeric","kg/ha","crop","weight of residue of previous crop that stayed on the field"
"previous_crop_residue_perc","numeric","%","crop","percentage of residue of previous crop that stayed on the field"
"previous_crop_burnt","logical","","crop","was the residue of the previous crop burnt?"
"previous_crop_residue_management","character","","crop","how was the previous crop residue managed?"
"flood_stress","character","","crop","how severe was the damage from flooding?"
"drought_stress","character","","crop","how severe was the damage from drought?"
"stress","character","","crop","type(s) of stress experienced by the crop"
"LAI","numeric","","crop","leaf area index (presumbably the max; this needs to be improved, it should be linked to a date and/or growht stage)"
"harvest_index","numeric","%","crop","harvest index (100 * yield / (total biomass)), normally as dry weight"
"farmer_gender","character","","crop","gender of farmer (on-farm trials or survey)"
"virus_severity","character","","crop","how severe was the virus infection?"
"striga_damage","logical","","crop","was yield affected by the striga parasite?"
"bird_damage","character","","crop","one of : ""none"", ""traces"", ""slight"", ""moderate"", ""severe"""
"hail_damage","character","","crop","one of : ""none"", ""traces"", ""slight"", ""moderate"", ""severe"""
"herbicide_damage","character","","crop","one of : ""none"", ""traces"", ""slight"", ""moderate"", ""severe"""
"shelling_percentage","numeric","","crop","100 * grain weight / fruit (pod, ear) weight"
"house_distance","numeric","","crop","Distance of field to the house of the person managing the field"
"NDVI","numeric","","crop","Normalized difference vegetation index"
"flesh_color","character","","crop","""flesh"" color of (sweet)potato and other root/tubers"
"grain_color","character","","crop","grain color"
"CA_years","numeric","","crop","number of years that Conservation Agriculture has been practised"
"sterility_index","numeric","","crop","% sterility of inflorescence"
"striga_trial","logical","","crop","Is this a striga trial?"
"borer_trial","logical","","crop","Is this a stem-borer trial?"
"striga_infected","logical","","crop","Was the plot infected with striga?"
"tree_density","numeric","/ha","crop","number or trees per ha"
"shrub_density","numeric","/ha","crop","number of shrubs per ha"
"diet_diversity","numeric",NA,"diet","measure of dietary diversity"
"diet_diversity_metric","character",NA,"diet","name of diet_diversity metric used"
"currency","character","","economic","currency used for prices"
"crop_price","numeric","currency/kg","economic","current crop price when sold"
"crop_value","numeric","currency/ha","economic","value of crop product per ha"
"crop_amount_sold","numeric","kg","economic","amount of crop product sold"
"fertilizer_cost","numeric","currency/ha","economic","cost of fertilizer(s) per ha"
"fertilizer_app_cost","numeric","currency/ha","economic","cost of fertilizer application(s) per ha"
"fertilizer_price","numeric","currency/kg","economic","cost of fertilizer(s) per kg"
"fungicide_cost","numeric","currency/kg","economic","cost  of fungide used per ha"
"fungicide_app_cost","numeric","currency/ha","economic","cost of fungicide application per ha"
"harvest_cost","numeric","currency/kg","economic","cost of harvest per ha"
"herbicide_cost","numeric","currency/ha","economic","cost of herbicide per ha"
"herbicide_app_cost","numeric","currency/ha","economic","cost of herbicide application per ha"
"herbicide_price","numeric","??","economic","herbicide price "
"insecticide_price","numeric","??","economic","was an insecticide used?"
"insecticide_cost","numeric","currency/ha","economic","cost of insecticide per ha"
"insecticide_app_cost","numeric","currency/ha","economic","cost of insectide application per ha"
"irrigation_cost","numeric","currency/ha","economic","Cost of irrigation per ha"
"land_prep_cost","numeric","currency/ha","economic","Land preparation (tillage) method used (including ""none"" = ""zero-tillage"")"
"OM_cost","numeric","currency/ha","economic","cost per ha of  organic fertilizer(s)"
"OM_transp_cost","numeric","currency/ha","economic","cost per ha of  organic fertilizer(s) transport"
"OM_price","numeric","currency/kg","economic","price paid for organic fertilizer(s) per kg"
"pesticide_cost","numeric","currency/ha","economic","cost of pesticides per ha"
"planting_cost","numeric","currency/ha","economic","cost of planting per ha"
"seed_cost","numeric","currency/ha","economic","cost of  seed per ha"
"seed_price","numeric","currency/kg","economic","price paid for seed per kg"
"transplanting_cost","numeric","currency/ha","economic","cost of transplanting per ha"
"weeding_cost","numeric","currency/ha","economic","cost of weeding per ha"
"planting_cost","numeric","currency/ha","economic","cost of planting per ha"
"weeding_labour","numeric","person-days/ha","economic","Person days used for weeding  per ha "
"weeding_equiment_cost","numeric","currency/ha","economic","cost of renting weeding equipment per ha"
"labour","numeric","person-days/ha","economic","Person days used for all activities"
"equipment_cost","numeric","currency/ha","economic","cost of renting all equipment per ha"
"fertilizer_labour","numeric","person-days/ha","economic","Person days used for fertilizer application"
"variable_cost","numeric","currency/ha","economic","total variable cost of production per ha"
"net_benefit","numeric","currency/ha","economic","net benefit (crop value minus variable cost) per ha"
"market_type","character","","economic",""
"market_access","character","","economic","Ability of households to participate in markets, influenced by distance, infrastructure, and information"
"market_distance","numeric","","economic","Travel distance from the household to the nearest market or trading point"
"market_timeto","numeric","","economic","Travel time from the household to the nearest market or trading point"
"N2O_emission","numeric","kg [CO2 equivalent] / ha","emission",NA
"CO2_emission","numeric","kg [CO2 equivalent] / ha","emission",NA
"CH4_emission","numeric","kg [CO2 equivalent] / ha","emission",NA
"GHG_emission","numeric","kg [CO2 equivalent] / ha","emission",NA
"dataset_id","character",NA,"general","dataset identifier (normalized URI, that is: ""/"" replaced with ""_"")"
"record_id","integer",NA,"general","Unique identifier for each record in a dataset (sequence from 1 to n)"
"date","date",NA,"general","Observation date in ""yyyy-mm-dd"", ""yyyy-mm"", or ""yyyy"" format"
"time","time",NA,"general","Observation time in ""hh:mm:ss"", ""hh:mm"", or ""hh"" format"
"reference","character",NA,"general","The data source (in data compilations for meta analysis)"
"DAP","integer",NA,"general","Days after planting (relative time scale used in some crop experiments"
"DAE","integer",NA,"general","Days after emergece (relative time scale used in some crop experiments)"
"variable","character",NA,"general","Variable name (for long format data or variable metadata)"
"value","numeric",NA,"general","Value (for long format data)"
"method","character",NA,"general","method used to obtain the values (for variable level metadata)"
"animal","character",NA,"livestock","The livestoc type"
"heads","numeric",NA,"livestock","How many of this type"
"TLU","numeric",NA,"livestock","Tropical Livestock Units"
"pastoral","logical",NA,"livestock","Are these animals primarily in a pastoral system?"
"purpose","character",NA,"livestock","What is the purpose of these animals?"
"feed_type","character",NA,"livestock","What is the main feed source for these animals"
"feed_source","character",NA,"livestock","Source of feed"
"feeding_type","character",NA,"livestock","E.g. Rotational grazing, Stall feeding"
"location_id","character","","location","location identifier"
"country","character","","location","Country name"
"adm1","character","","location","First level administrative subdivision"
"adm2","character","","location","Second level administrative subdivision"
"adm3","character","","location","Third level administrative subdivision"
"adm4","character","","location","Fourth level administrative subdivision"
"adm5","character","","location","Fifth level administrative subdivision"
"location","character","","location","Name of the location where the location was made. E.g., a place name or locality description."
"site","character","","location","Name of the sub-location where the observation was made"
"locality","character","","location","locality description"
"longitude","numeric","degrees","location","Longitude of the location where the observation was made (in decimal notation)"
"latitude","numeric","degrees","location","Latitude of the location where the observation was made (in decimal notation)"
"geo_uncertainty","numeric","","location","Uncertainty of location, expressed as max distance from location (m)"
"location_area","character","","location","Location (and uncertainty) described as a WKT (multi-) polygon, using longitude/latitude"
"geo_from_source","logical","","location","Are these coordinates from the data source?"
"elevation","numeric","meter","location","Elevation above sea level"
"geo_source","character","","location","source of the georeferences"
"trial_name","character",NA,"maize","Trial title"
"description","character",NA,"maize","Trial description"
"inst","",NA,"maize","Trial Instance"
"blight","",NA,"maize","Leaf blight"
"p_asp","",NA,"maize","Plant Aspect"
"p_harv","",NA,"maize","Plant Harvest"
"borer","",NA,"maize","Stem borer damage"
"sb_dam_rat","",NA,"maize","Stem borer damage"
"borer_dam_rat","",NA,"maize","Stem borer damage rating"
"borer1","",NA,"maize","Stem borer damage 1"
"borer2","",NA,"maize","Stem borer damage 2"
"borer3","",NA,"maize","Stem borer damage 3"
"borer4","",NA,"maize","Stem borer damage 4"
"stemtunnel","",NA,"maize","Stem tunneling by stem borers"
"sbdamrat","",NA,"maize","Stem borer damage rating"
"cob_dam_co","",NA,"maize","Cob damage"
"cob_dam_rt","",NA,"maize","Cob damage rating"
"curv","",NA,"maize","Curvularia leaf spot severity"
"dead_heart","",NA,"maize","Death of young plants"
"diplodia","",NA,"maize","Stenocarpella ear rot severity"
"dm","",NA,"maize","Maize dwarf mosaic virus incidence"
"dy_poll","",NA,"maize","Numbers of Days to pollination"
"e_asp","",NA,"maize","Ear Aspect"
"e_harv","",NA,"maize","Ear Harvest"
"e_rot","",NA,"maize","Ear Rot"
"ear_dam_co","",NA,"maize","Ear Damage"
"ear_dam_rat","",NA,"maize","Ear Damage rating"
"eldana","",NA,"maize","Eldana saccharina"
"gls","",NA,"maize","Gray leaf spot severity"
"gr_maize","",NA,"maize","Glyphosate Resistant Maize"
"gtext","",NA,"maize","Grain texture"
"helm","",NA,"maize","Maydis leaf blight severity"
"hm","",NA,"maize","Hm"
"husk","",NA,"maize","Ear husk cover"
"insect","",NA,"maize","Insect"
"leaf_feed","",NA,"maize","Leaf feed"
"moist","",NA,"maize","Grain moisture"
"mussidia","",NA,"maize","Mussidia nigrivenella - ear borer"
"polshed","",NA,"maize","Pollen shedding"
"rl","",NA,"maize","Root lodging"
"rl_rat","",NA,"maize","Root lodging rating"
"rlper","",NA,"maize","Root lodging in percent"
"rust","",NA,"maize","Rust diseases"
"sl","",NA,"maize","Stalk lodging"
"sl_rat","",NA,"maize","Stalk lodging rating"
"slper","",NA,"maize","Stalk lodging in percent"
"stalk_rot","",NA,"maize","Stalk rot"
"str_co1","",NA,"maize","The number of emerged Striga plants per plot at 8 weeks after planting"
"str_co2","",NA,"maize","The number of emerged Striga plants per plot at 10 weeks after planting"
"str_co3","",NA,"maize","The number of emerged Striga plants per plot at 3 weeks after planting"
"str_rat1","",NA,"maize","Striga damage symptom rating scored on a scale of 1-5 or 1-9, where 1=no Striga damage symptom and 5 or 9=severe Striga damage symptom at 8 weeks after planting"
"str_rat2","",NA,"maize","Striga damage symptom rating scored on a scale of 1-5 or 1-9, where 1=no Striga damage symptom and 5 or 9=severe Striga damage symptom at 10 weeks after planting"
"streak","",NA,"maize","Streak virus"
"fwtin","",NA,"maize","Field weight - Infested"
"fwtun","",NA,"maize","Field weight - Non-infested"
"leaffeed","",NA,"maize","Leaf feed"
"lfeed2","",NA,"maize","Leaf feed"
"planting_date","date","","management","Planting date in ""yyyy-mm-dd"", ""yyyy-mm"", or ""yyyy"" format"
"transplanting_date","date","","management","Transplanting date in ""yyyy-mm-dd"", ""yyyy-mm"", or ""yyyy"" format"
"harvest_date","date","","management","Harvest date in ""yyyy-mm-dd"", ""yyyy-mm"", or ""yyyy"" format"
"fertilizer_used","logical","","management","was any inorganic fertilizer used?"
"foliar_fertilizer_used","logical","","management","was any foliar fertilizer used?"
"fertilizer_type","character","","management","Name of inorganic fertilizer used"
"fertilizer_date","date","","management","Date(s) of inorganic fertilizer applications. Possibly followed by ""(product; amount)"""
"fertilizer_dap","character","","management","Inorganic fertilizer applications in ""days after planting"". Possibly followed by ""(product; amount)"""
"fertilizer_amount","numeric","kg/ha","management","Total amount of inorganic fertilizer applied"
"fertilization_method","character","","management","Fertilizer application method"
"N_fertilizer","numeric","kg/ha","management","N applied in inorganic fertilizer"
"N_splits","integer","","management","Number of splits in the N_fertilizer application"
"N_fert_level","character","","management","Qualtiative description of N fertilizer amount"
"P_fertilizer","numeric","kg/ha","management","P applied in inorganic fertilizer (as P, not P2O5)"
"K_fertilizer","numeric","kg/ha","management","K applied in inorganic fertilizer (as K, not K2O)"
"Zn_fertilizer","numeric","kg/ha","management","Zn applied in inorganic fertilizer"
"S_fertilizer","numeric","kg/ha","management","S applied in inorganic fertilizer"
"B_fertilizer","numeric","kg/ha","management","B applied in inorganic fertilizer"
"Ca_fertilizer","numeric","kg/ha","management","Ca applied in inorganic fertilizer"
"Mg_fertilizer","numeric","kg/ha","management","Mg applied in inorganic fertilizer"
"Fe_fertilizer","numeric","kg/ha","management","Fe applied in inorganic fertilizer"
"Mn_fertilizer","numeric","kg/ha","management","Mn applied in inorganic fertilizer"
"Cl_fertilizer","numeric","kg/ha","management","Cl applied in inorganic fertilizer"
"Cu_fertilizer","numeric","kg/ha","management","Cu applied in inorganic fertilizer"
"Mo_fertilizer","numeric","kg/ha","management","Mo applied in inorganic fertilizer"
"N_fixation","numeric","kg/ha","management","N fixed by rhizobium or other organisms"
"N_organic","numeric","kg/ha","management","N applied in organic fertilizer"
"P_organic","numeric","kg/ha","management","P applied in organic fertilizer (as P, not P2O5)"
"K_organic","numeric","kg/ha","management","K applied in organic fertilizer (as K, not K2O)"
"Ca_organic","numeric","kg/ha","management","Ca applied in organic fertilizer"
"Mg_organic","numeric","kg/ha","management","Mg applied in organic fertilizer"
"lime","numeric","kg/ha","management","lime applied"
"lime_used","logical","","management","was any lime applied?"
"lime_date","date","","management","when was lime applied?"
"gypsum","numeric","kg/ha","management","gypsum applied"
"OM_used","logical","","management","Organic fertilizer applied"
"OM_type","character","","management","Type of organic fertilzer applied"
"OM_amount","numeric","kg/ha","management","Amount of organic fertilizer applied"
"inoculated","logical","","management","Was the field inoculated (with Rhizobium)"
"inoculant","character","","management","Name of the inoculant product"
"node_count","numeric","","management","Number of Rhizobium nodes per plant"
"biochar","numeric","kg/ha","management","Amount of biochar applied	"
"irrigated","logical","","management","Was the plot irrigated?"
"irrigation_source","character","","management","the source of irrigation water"
"irrigation_method","character","","management","the irrigation method"
"irrigation_number","integer","","management","How many times was the crop irrigated?"
"irrigation_amount","numeric","mm","management","The total irrigation amount applied to the crop"
"irrigation_fulfullment","character","","management","The degree to which irrigation needs were fulfilled"
"irrigation_dates","date","","management","Irrigation dates in ""yyyy-mm-dd"", ""yyyy-mm"", or ""yyyy"" format; separated by ""; """
"land_prep_method","character","","management","Land preparation (tillage) method used (including ""none"" = ""zero-tillage"")"
" land_prep_traction","character","","management","Type of traction used in land preparation"
"land_prep_times","integer","","management","How many passes were made for land prepration?"
"land_prep_implement","character","","management","Land preparation (tillage) implement(s) used"
"planting_method","character","","management","Planting (sowing) method"
"planting_implement","character","","management","Planting (sowing) implement used"
"transplanting_method","character","","management","Transplanting method"
"seed_density","numeric","plants/ha","management","Number of plants per ha that were seeded/planted"
"seed_rate","numeric","kg/ha","management","Mass of the seeds sown per hectare"
"seed_source","character","","management","source of the seed used"
"seed_treatment","character","","management","chemical or biological products applied to the seed"
"herbicide_used","logical","","management","was a herbicide used?"
"herbicide_product","character","","management","name(s) of the active ingredient of the herbicide"
"herbicide_timing","character","","management","days after (or before) planting on which herbicide was used"
"herbicide_times","integer","","management","number of herbicide applications"
"herbicide_dates","date","","management","herbicide appliacation dates in ""yyyy-mm-dd"", ""yyyy-mm"", or ""yyyy"" format; separated by ""; """
"herbicide_amount","numeric","kg (ai) / ha","management","how much herbicide was used?"
"herbicide_implement","character","","management","the implement (machine) used"
"weeding_done","logical","","management","was the crop weeded?"
"weeding_method","character","","management","Weeding method used"
"weeding_times","integer","","management","how many times was the crop weeded?"
"weeding_dates","date","","management","weeding dates in ""yyyy-mm-dd"", ""yyyy-mm"", or ""yyyy"" format; separated by ""; """
"weeding_implement","character","","management","the implement (machine) used"
"insecticide_used","logical","","management","was an insecticide used?"
"insecticide_product","character","","management","name(s) of the active ingredient of the insecticide"
"insecticide_dates","date","","management","insecticide appliacation dates in ""yyyy-mm-dd"", ""yyyy-mm"", or ""yyyy"" format; separated by ""; """
"insecticide_timing","integer","","management","days after (or before) planting on which insecticide was used"
"insecticide_times","integer","","management","number of insecticide applications"
"insecticide_amount","numeric","kg (ai) / ha","management","how much insecticide was used?"
"insecticide_implement","character","","management","the implement (machine) used"
"fungicide_used","logical","","management","was a herbicide used?"
"fungicide_product","character","","management","name(s) of the active ingredient of the fungicide"
"fungicide_dates","date","","management","fungicide appliacation dates in ""yyyy-mm-dd"", ""yyyy-mm"", or ""yyyy"" format; separated by ""; """
"fungicide_timing","integer","","management","days after (or before) planting on which fungicide was used"
"fungicide_times","integer","","management","number of fungicide applications"
"fungicide_amount","numeric","kg (ai) / ha","management","how much fungicide was used?"
"fungicide_implement","character","","management","the implement (machine) used"
"mulch","numeric","kg/ha","management","how much mulch is on the field?"
"mulch_type","character","","management","Type of mulch used"
"dataset_id","character",NA,"metadata","id (normalized uri)"
"uri","character",NA,"metadata","the uri of the dataset"
"authors","character",NA,"metadata","dataset authors"
"title","character",NA,"metadata","title"
"description","character",NA,"metadata","description"
"license","character",NA,"metadata","license that comes with the data"
"data_citation","character",NA,"metadata","can be same as publication"
"data_type","character",NA,"metadata","what kind of data is this (e.g. experiment, survey, compilation)"
"treatment_vars","character",NA,"metadata","treatment variables (if data_type = trial/experiments; else ""none"")"
"response_vars","character",NA,"metadata","outcome variables (if data_type = trial/experiments; else ""none"")"
"publication","character",NA,"metadata","the doi of the associated publication (if any)"
"data_organization","character",NA,"metadata","organizational home(s) of the data providers"
"publisher","character",NA,"metadata","organization that publishes  the data"
"date_published","date",NA,"metadata","date the data were published (""yyyy-mm-dd"")"
"version","character",NA,"metadata","the dataset version number"
"project","character",NA,"metadata","project that this dataset belongs to (if any)"
"notes","character",NA,"metadata","notes about data quality issues in the dataset"
"design","character",NA,"metadata","short description of the experimental or survey design"
"sample_id","character","","soil","unique identifier of a soil sample"
"depth","numeric","cm","soil","depth of soil sample"
"depth_top","numeric","cm","soil","depth of soil sample (top; e.g. 0)"
"depth_bottom","numeric","cm","soil","depth of soil sample (bottom; e.g 20)"
"soil_depth","numeric","cm","soil","soil depth (not the sampling depth)"
"soil_type","character","","soil","soil name or description"
"soil_pH","numeric","","soil","soil pH (H2O)"
"soil_pH_KCl","numeric","","soil","soil pH (KCl)"
"soil_pH_CaCl2","numeric","","soil","soil pH (CaCl2)"
"soil_sand","numeric","%","soil","soil sand content (excluding gravel)"
"soil_clay","numeric","%","soil","soil clay content (excluding gravel)"
"soil_silt","numeric","%","soil","soil silt content (excluding gravel)"
"soil_texture","character","","soil","soil texture"
"soil_sand_coarse","numeric","%","soil","coarse soil sand (0.5 - 2 mm) content (excluding gravel)"
"soil_sand_medium","numeric","%","soil","medium soil sand  (0.25 - 0.5 mm) content (excluding gravel)"
"soil_sand_fine","numeric","%","soil","fine soil sand (0.106/0.125  - 0.25 mm) content (excluding gravel)"
"soil_sand_veryfine","numeric","%","soil","very fine soil sand (0.05/0.0625 - 0.106/0.125 mm) content (excluding gravel)"
"soil_silt_coarse","numeric","%","soil","coarse soil silt (0.05 - 0.106 mm)  content (excluding gravel)"
"soil_silt_fine","numeric","%","soil","fine soil silt  (0.002 - 0.02 mm) content (excluding gravel)"
"soil_SOM","numeric","%","soil","soil organic matter"
"soil_C_inorg","numeric","%","soil","inorganic soil C content"
"soil_C_total","numeric","%","soil","total soil C content (organic and inorganic)"
"soil_SOC","numeric","%","soil","soil organic carbon"
"soil_N","numeric","mg/kg","soil","extractable soil N content"
"soil_NO3","numeric","mg/kg","soil","soil NO3 content"
"soil_NH4","numeric","mg/kg","soil","soil NH4 content"
"soil_K","numeric","mg/kg","soil","extractable soil K content"
"soil_K_exch","numeric","cmol(+)/kg","soil","exchangeable soil K content"
"soil_P","numeric","mg/kg","soil","extractable soil P"
"soil_P_method","character","","soil","method used for P extraction (to allow multiple methods in a single dataset; otherwise this can be recored as ""variable metadata"""
"soil_P_total","numeric","mg/kg","soil","total soil P"
"soil_Ca","numeric","mg/kg","soil","extractable soil Ca content"
"soil_Ca_exch","numeric","cmol(+)/kg","soil","exchangeable soil Ca content"
"soil_Mg","numeric","mg/kg","soil","extractable soil Mg content"
"soil_Mg_exch","numeric","cmol(+)/kg","soil","exchangeable soil Mg content"
"soil_B","numeric","mg/kg","soil","extractable soil B content"
"soil_Cu","numeric","mg/kg","soil","extractable soil Cu content"
"soil_Mn","numeric","mg/kg","soil","extractable soil Mn content"
"soil_Mo","numeric","mg/kg","soil","extractable soil Mo content"
"soil_Fe","numeric","mg/kg","soil","extractable soil Fe content"
"soil_S","numeric","mg/kg","soil","extractable soil S content"
"soil_Zn","numeric","mg/kg","soil","extractable soil Zn content"
"soil_Na","numeric","mg/kg","soil","extractable soil Na content"
"soil_Na_exch","numeric","cmol(+)/kg","soil","exchangeable soil Na content"
"soil_Al","numeric","mg/kg","soil","extractable soil Al content"
"soil_Al_exch","numeric","cmol(+)/kg","soil","exchangeable soil Al content"
"soil_H_exch","numeric","cmol(+)/kg","soil","exchangeable soil H content"
"soil_EC","numeric","mS/cm","soil","soil electric conductivity"
"soil_bd","numeric","g/cm^-3","soil","soil bulk density"
"soil_CEC","numeric","cmol/kg","soil","Cation Exchange Capacity"
"soil_ECEC","numeric","cmol/kg","soil","Effective Cation Exchange Capacity"
"soil_BS","numeric","%","soil","Base saturation"
"soil_CEC","numeric","cmol(+)/kg","soil","Cation Exchange Capacity"
"soil_acidity_sat","numeric","%","soil","Acidity saturation"
"soil_color","character","","soil","soil color"
"soil_quality","character","","soil","soil quality preception"
"landscape_position","character","","soil","Relative landscape position"
"land_form","character","","soil","E.g. flat, terraced"
"soil_constraint","character","","soil","soil constraint (e.g. saline)"
"soil_PSI","numeric","","soil","phosphorous sorption index"
"soil_ex_acidity","numeric","cmol/kg","soil","soil exchangeable acidity (""hp"")"
"soil_aluminium_toxicity","logical","","soil","was the soil Al concentration toxic for the crop?"
"soil_Al_sat","numeric","%","soil","soil Al saturation (% of ECEC)"
"soil_WHC_sat","numeric","%","soil","% of soil water holding capacity that is filled"
"soil_drainage","character","","soil","soil drainage class "
"soil_microbial_activity_category","character","","soil","microbial activity variable name (for use in long format)"
"soil_microbial_activity_value","numeric","","soil","microbial activity value (for use in long format)"
"soil_MBC","numeric","","soil","soil microbial biomass carbon"
"soil_GWC","numeric","","soil","gravimetric water content"
"soil_CaCO3","numeric","g/kg","soil","soil CaCO3 content (in calcareous soils)"
"soil_B_total","numeric","mg/kg","soil","total soil B content"
"soil_Mn_total","numeric","mg/kg","soil","total soil Mn content"
"soil_Mg_total","numeric","mg/kg","soil","total soil Mg content"
"soil_Mo_total","numeric","mg/kg","soil","total soil Mo content"
"soil_N_total","numeric","mg/kg","soil","total soil N content"
"soil_Fe_total","numeric","mg/kg","soil","total soil Fe content"
"soil_Cd_total","numeric","mg/kg","soil","total soil Cd content"
"soil_Pb_total","numeric","mg/kg","soil","total soil Pb content"
"soil_V_total","numeric","mg/kg","soil","total soil V (vanadium) content"
"soil_Hg_total","numeric","mg/kg","soil","total soil Hg content"
"soil_Cr_total","numeric","mg/kg","soil","total soil Cr (cromium) content"
"soil_Co_total","numeric","mg/kg","soil","total soil Co content"
"soil_K_total","numeric","mg/kg","soil","total soil K content"
"soil_Ni_total","numeric","mg/kg","soil","total soil Ni content"
"soil_Cu_total","numeric","mg/kg","soil","total soil Cu content"
"soil_Zn_total","numeric","mg/kg","soil","total soil Zn content"
"soil_As_total","numeric","mg/kg","soil","total soil As content"
"soil_S_total","numeric","mg/kg","soil","total soil S content"
"soil_Sb_total","numeric","mg/kg","soil","total soil Sb (antimony) content"
"soil_CO2","numeric","(g/cm2)/day","soil","CO2 emitted from soil"
"soil_N2O","numeric","(mg (N) m2)/day","soil","N2O emitted from soil"
"soil_NO","numeric","(mg (N) m2)/day","soil","NO emitted from soil"
"soil_protein","numeric","","soil",""
"hhid","character","","survey","household id"
"hh_size","numeric","","survey","number of people in the household"
"hh_adult_women","numeric","","survey","number of adult women in the houshold (18 year or older)"
"hh_adult_men","numeric","","survey","number of adult men in the houshold (18 year or older)"
"hh_child_5","numeric","","survey","number of children in the houshold that are younger than 5 years old"
"hh_child_18","numeric","","survey","number of children in the houshold that are younger than 18 years old"
"hh_elders","numeric","","survey","number of elderly household members (>65 years old)"
"hh_elder_women","numeric","","survey","number of elderly women in household (>65 years old)"
"hh_elder_men","numeric","","survey","number of elderly men in household (>65 years old)"
"dependency","numeric","","survey","Ratio of economically dependent members (children, elderly) to working-age members"
"is_head","logical","","survey","the respondent is identified as the household head (main decision-maker or primary earner)"
"age","numeric","year","survey","age of  the respondrent (farmer) or other identified individual"
"sex","character","","survey","sex of the respondent (male/female) or other identified individual"
"education","character","","survey","education level attained by the respondrent (farmer) or other identified individual"
"civil_status","character","","survey","civil status of the respondrent (farmer) or other identified individual"
"religion","character","","survey","religion of ther respondrent (farmer) or other identified individual"
"occupation","character","","survey",""
"hh_income","numeric","currency/year","survey","total household income"
"hh_income_source","character","","survey","sources of income"
"farmland","numeric","ha","survey","amount of farmland managed by the household"
"farmland_owned","numeric","ha","survey","amount of farmland owned by the household"
"farmland_rentedin","numeric","ha","survey","amount of farmland rented in by the household"
"farmland_rentedout","numeric","ha","survey","amount of farmland rented out by the household"
"cropland","numeric","ha","survey","amount of cropland managed by the household"
"cropland_used","numeric","ha","survey","amount of cropland used by the household"
"cropland_owned","numeric","ha","survey","amount of cropland owned by the household"
"cropland_rentedin","numeric","ha","survey","amount of cropland rentedin by the household"
"cropland_rentedout","numeric","ha","survey","amount of cropland rentedout by the household"
"grassland","numeric","ha","survey","amount of grassland managed by the household"
"grassland_owned","numeric","ha","survey","amount of grassland owned by the household"
"grassland_rentedin","numeric","ha","survey","amount of grassland rentedin by the household"
"grassland_rentedout","numeric","ha","survey","amount of grassland rentedout by the household"
"communal_land","numeric","ha","survey","amount of communal land the household has access to"
"land_irrigated","numeric","ha","survey","amount of land that can be irrigated"
"land_ownedby","character","","survey","who owns the land?"
"land_tenure","character","","survey","land tenure type"
"plot_labour","numeric","","survey","Number of days per year spent working on the plot (single crop if there are multiple)"
"farm_labour","numeric","","survey","Number of days per year spent working on the farm"
"plot_labour_hh","numeric","","survey","Number of days per year spent working on the plot (single crop if there are multiple) contributed by household members without explicit wages"
"farm_labour_hh","numeric","","survey","Number of days per year spent working on the farm contributed by household members without explicit wages"
"plot_labour_hired","numeric","","survey","Number of days per year spent working on the plot (single crop if there are multiple) by workers  from outside the household in exchange for cash or in-kind payment"
"farm_labour_hired","numeric","","survey","Number of days per year spent working on the farm by workers  from outside the household in exchange for cash or in-kind payment"
"plot_labour_exchange","numeric","","survey","Number of days per year spent working on the plot (single crop if there are multiple) trough reciprocal labor arrangements between households without monetary payment"
"farm_labour_exchange","numeric","","survey","Number of days per year spent working on the farm trough reciprocal labor arrangements between households without monetary payment"
"offfarm_labour","numeric","","survey","Number of days pe ryear spent working off the farm, for someone else"
"offfarm_selfemployed","numeric","","survey","Number of days per year spent working off the farm, self-employed"
"livestock_labour","numeric","","survey","Number of days per year spent tending livestock"
"cooperative_member","logical","","survey","is the household member of an agricultural cooperative"
"cooperative_product","character","","survey","what is the product purchased by the cooperative "
"housing_quality","character","","survey","Physical characteristics of the dwelling, including materials used for walls, roof, and floor"
"electricity","logical","","survey","Whether the household has access to an electrical power supply"
"water_source","character","","survey","Origin of water used by the household for drinking, cooking, and other domestic uses"
"sanitation","character","","survey","Facilities and practices for managing human excreta and maintaining hygiene"
"field_id","character","","survey","identifier of a particular field within a farm/household"
"field_size","numeric","ha","survey","size of the particular field"
"field_distance","numeric","","survey","Physical distance from the household dwelling to the plot"
"expected_yield","numeric","kg/ha","survey",""
"credit_access","logical","","survey","does the household have access to credit"
"station_name","character","","weather","name of the weather station"
"prec","numeric","mm","weather","precipitation"
"temp","numeric","C","weather","(average) temperature"
"tmin","numeric","C","weather","minimum temperature"
"tmax","numeric","C","weather","maximum temperature"
"dewp","numeric","C","weather","dew-point temperature"
"rhum","numeric","%","weather","relative humidity"
"rhmn","numeric","%","weather","minimum relative humidity"
"rhmx","numeric","%","weather","maximum relative humidity"
"vapr","numeric","hPa","weather","vapour pressure"
"irad","numeric","J s-1 m-2","weather","mean solar radiation"
"srad","numeric","kJ m2","weather","total daily solar radiation"
"wspd","numeric","m/s","weather","wind speed"
"wspdmx","numeric","m/s","weather","maximum wind speed"
"wdir","numeric","degrees","weather","wind direction"
"wgst","numeric","m/s","weather","wind gust"
"ETo","numeric","mm/day","weather","reference evapotranspiration"
